{
  "get_messages": {
    "mean": 2053.711139992811,
    "median": 2048.4524499624968,
    "min": 2037.2517999494448,
    "max": 2080.727999913506,
    "stddev": 16.713333242713286,
    "success_rate": 100.0,
    "iterations": 10
  },
  "get_members": {
    "mean": 2048.0926600052044,
    "median": 2047.2260999958962,
    "min": 2031.9423000328243,
    "max": 2061.639599967748,
    "success_rate": 100.0
  }
}