{
  "get_messages": {
    "mean": 2067.472220014315,
    "median": 2065.810200001579,
    "min": 2052.1472000982612,
    "max": 2085.98760003224,
    "stddev": 13.271806667948725,
    "success_rate": 100.0,
    "iterations": 10
  },
  "get_members": {
    "mean": 2065.940490004141,
    "median": 2067.886749980971,
    "min": 2049.250500043854,
    "max": 2076.353700016625,
    "success_rate": 100.0
  }
}